course_name,description,learning,difficulty,Average rating,Popularity
Cyber-Physical Systems and IoT Integration,This advanced-level course focuses on cyber-physical systems (CPS) and their integration with the Internet of Things (IoT). Learn about CPS design and IoT connectivity.,"Master the principles of cyber-physical systems (CPS).
Learn about IoT integration and connectivity for CPS applications.
Explore real-world CPS and IoT use cases in industry.
Design and develop advanced CPS and IoT solutions.",Advanced,3.0,High
Web Application Security,"This intermediate-level course focuses on web application security. Learn about common vulnerabilities, security protocols, and secure coding practices.","Identify and mitigate common web application vulnerabilities.
Implement security protocols like HTTPS and OAuth2.
Practice secure coding techniques to protect web applications.
Perform security assessments and penetration testing.",Intermediate,2.9,Very High
Web Development with WordPress,This beginner-level course introduces web development with WordPress. Learn to create and customize websites using this popular content management system.,"Get started with web development using WordPress as a content management system.
Create and customize websites with themes and plugins.
Learn about web design principles and user-friendly website development.
Publish and maintain websites using WordPress.",Beginner,2.9,Medium
Advanced Topics in Cybersecurity Research,This advanced-level course delves into advanced topics in cybersecurity research. Explore cutting-edge cybersecurity challenges and solutions.,"Master advanced concepts in cybersecurity research and innovation.
Learn to analyze and address emerging cyber threats and vulnerabilities.
Explore security testing, threat intelligence, and cyber defense strategies.
Contribute to the advancement of cybersecurity knowledge and practices.",Advanced,2.6,Medium
Quantum Machine Learning,This advanced-level course focuses on quantum machine learning. Learn to leverage quantum computing for advanced machine learning algorithms.,"Understand quantum computing and its applications in machine learning.
Learn to implement quantum algorithms for machine learning tasks.
Explore quantum machine learning libraries and frameworks.
Develop and optimize quantum machine learning models.",Advanced,2.5,Very High
Introduction to Social Media Security,This beginner-level course covers social media security practices. Learn to protect your online presence and privacy on social platforms.,"Understand the importance of social media security.
Learn to set privacy settings and manage online profiles.
Explore common social media threats and scams.
Safeguard your personal information and digital identity on social media.",Beginner,3.4,High
Advanced Data Visualization,This intermediate-level course focuses on advanced data visualization techniques. Learn about interactive visualizations and storytelling with data.,"Create advanced data visualizations using tools like D3.js and Tableau.
Understand principles of data storytelling and effective communication.
Develop interactive dashboards and data-driven narratives.
Visualize complex data sets for insights and decision-making.",Intermediate,3.1,Very High
AI in Autonomous Vehicles,This advanced-level course focuses on AI in autonomous vehicles. Learn to develop AI systems for self-driving cars and autonomous mobility.,"Understand AI technologies for autonomous vehicles.
Learn to build AI systems for self-driving cars and mobility solutions.
Explore perception, decision-making, and control in autonomous vehicles.
Contribute to the advancement of AI-driven autonomous mobility.",Advanced,2.7,Low
Computer Science for Non-Majors,This course is designed for individuals who are not computer science majors but want to gain a basic understanding of computer science concepts and applications.,"Gain a foundational understanding of computer science and its relevance in various fields.
Learn about key computer science topics, including algorithms and data structures.
Explore practical applications of computer science in everyday life and various industries.
Acquire problem-solving skills through hands-on exercises and projects.",Beginner,3.4,High
Building Your First Mobile App,This beginner-level course guides you in building your first mobile app. Learn app development basics and create your own mobile application.,"Understand the mobile app development process.
Learn to create a simple mobile app from scratch.
Explore app development tools and platforms.
Turn your app idea into a reality with hands-on development.",Beginner,2.8,Low
Introduction to 3D Printing and Modeling,"This beginner-level course introduces 3D printing and modeling. Learn about 3D design, modeling software, and the 3D printing process.","Understand the basics of 3D printing and its applications.
Learn 3D modeling using software like Tinkercad or Blender.
Explore the 3D printing process from design to printing.
Create 3D-printable models and objects.",Beginner,3.0,Medium
Cybersecurity Best Practices,"This intermediate-level course focuses on cybersecurity best practices. Learn about threat detection, risk assessment, and security measures to protect digital assets.","Identify common cybersecurity threats and vulnerabilities.
Perform risk assessments and develop security strategies.
Implement security measures to protect networks and data.
Stay updated with cybersecurity best practices and compliance standards.",Intermediate,3.2,Very High
Computer Literacy for Seniors,This beginner-level course is designed for seniors to learn computer literacy. Develop basic computer skills and navigate the digital world with confidence.,"Learn the basics of computer hardware and software.
Explore common computer applications and tools.
Develop essential computer skills for everyday tasks.
Become a confident and empowered digital user as a senior.",Beginner,3.7,Low
Computer Hardware Basics,"This beginner-level course covers computer hardware fundamentals. Learn about components, peripherals, and basic troubleshooting techniques.","Understand computer hardware components like CPU, RAM, and storage devices.
Learn about input and output peripherals, including keyboards and monitors.
Troubleshoot common hardware issues and perform basic upgrades.
Explore computer hardware terminology and specifications.",Beginner,2.8,Very High
Back-End Web Development,"This intermediate-level course covers back-end web development. Learn server-side programming, API development, and database integration for building robust web applications.","Master server-side programming using languages like Python, Node.js, or Ruby.
Develop RESTful APIs for communication between front-end and back-end systems.
Integrate databases and perform CRUD operations on data.
Build scalable and secure web applications with back-end development skills.",Intermediate,2.6,High
Advanced Topics in Software Engineering Research,This advanced-level course delves into advanced topics in software engineering research. Explore cutting-edge research areas and contribute to the field.,"Explore advanced topics in software engineering research.
Stay updated with cutting-edge research areas and trends.
Contribute to ongoing software engineering research projects.
Publish research findings and advance the field of software engineering.",Advanced,2.2,Medium
Advanced Robotics and Automation,"This advanced-level course explores advanced robotics and automation technologies. Learn about robot perception, control systems, and autonomous robots.","Master advanced robotics concepts and technologies.
Explore robot perception and sensor fusion techniques.
Understand advanced control systems for robotic applications.
Design and develop autonomous robots and robotic systems.",Advanced,2.8,Medium
Bioinformatics and Computational Genomics,This advanced-level course focuses on bioinformatics and computational genomics. Learn to analyze biological data and genomics using computational tools.,"Master bioinformatics techniques for analyzing biological data.
Learn about genomics, structural biology, and computational tools.
Apply computational methods to biological research and analysis.
Contribute to advancements in bioinformatics and genomics research.",Advanced,2.2,High
Introduction to Game Development,"This beginner-level course provides an introduction to game development. Learn about game design, game engines, and creating simple games.","Understand the fundamentals of game design and game development.
Explore popular game engines like Unity and Godot.
Create simple 2D and 3D games with interactive gameplay.
Learn about the game development process from idea to playable game.",Beginner,2.3,High
Computer Basics for Beginners,"This course is designed for individuals with little or no prior knowledge of computers. You will learn about computer hardware, software, operating systems, and basic computer usage.","Gain an understanding of computer hardware components and their functions.
Learn about different types of software and their applications.
Explore common operating systems and their features.
Acquire basic computer skills for tasks like file management and internet browsing.",Beginner,3.1,Very High
Computer Vision and Deep Learning,"This advanced-level course focuses on computer vision and deep learning. Learn about image recognition, neural networks, and advanced vision applications.","Master computer vision techniques and deep learning models.
Learn about image recognition, object detection, and image segmentation.
Explore advanced vision applications in healthcare, robotics, and more.
Develop computer vision and deep learning projects.",Advanced,3.4,Medium
Introduction to Cloud Computing,"This intermediate-level course provides an introduction to cloud computing. Learn about cloud service models, deployment models, and cloud security.","Understand cloud computing fundamentals and its benefits.
Learn about cloud service models like IaaS, PaaS, and SaaS.
Explore cloud deployment models and cloud security measures.
Migrate applications to the cloud and manage cloud resources.",Intermediate,2.4,Very High
Big Data Ethics and Privacy,This advanced-level course covers big data ethics and privacy. Learn to address ethical and privacy concerns in big data analytics.,"Master advanced big data ethics principles and privacy regulations.
Learn to implement privacy-preserving techniques in big data analytics.
Explore ethical considerations in data collection, storage, and analysis.
Contribute to responsible and ethical big data practices.",Advanced,2.7,High
High-Performance Computing,"This advanced-level course focuses on high-performance computing (HPC). Learn about parallel processing, cluster computing, and GPU acceleration.","Explore parallel computing architectures and distributed computing.
Learn about GPU acceleration and CUDA programming.
Optimize algorithms and applications for high-performance computing.
Apply HPC techniques in scientific and engineering simulations.",Advanced,4.0,Medium
Advanced C++ Programming,"This intermediate-level course builds on C++ fundamentals. Explore advanced C++ features, including templates, exception handling, and memory management.","Master advanced C++ concepts like templates and exception handling.
Understand memory management and smart pointers in C++.
Explore C++ libraries and advanced topics like multithreading.
Develop efficient and robust C++ applications.",Intermediate,3.7,Very High
Cybersecurity Governance and Risk Management,This intermediate-level course covers cybersecurity governance and risk management. Learn to establish and maintain cybersecurity policies.,"Understand cybersecurity governance principles and frameworks.
Learn to assess and manage cybersecurity risks.
Explore compliance and regulatory requirements.
Implement effective governance and risk management practices.",Intermediate,2.4,Low
Advanced Topics in Machine Learning Ethics,This advanced-level course delves into advanced topics in machine learning ethics. Explore ethical considerations in AI and machine learning.,"Master advanced topics in machine learning ethics.
Learn to analyze and address ethical challenges in AI and machine learning.
Explore fairness, transparency, and accountability in AI models.
Contribute to ethical AI development and responsible AI research.",Advanced,2.8,Medium
Internet Safety for Parents,This beginner-level course is designed for parents to learn about internet safety. Ensure your child's online safety and digital well-being.,"Understand the online risks and challenges children may face.
Learn to set up parental controls and monitor online activities.
Explore safe internet usage guidelines for kids.
Promote a secure and responsible online environment for your family.",Beginner,3.5,High
Introduction to Robotics Programming,This beginner-level course introduces robotics programming. Learn the fundamentals of coding and controlling robots.,"Understand the basics of robotics and programming.
Learn to code and control robots for various tasks.
Explore robotics programming languages and platforms.
Embark on your journey into the exciting world of robotics.",Beginner,2.8,High
Cloud Native DevOps Practices,This intermediate-level course covers cloud-native DevOps practices. Learn to deploy and manage applications in cloud-native environments.,"Understand cloud-native architecture and its benefits.
Learn DevOps practices for deploying and managing applications in the cloud.
Explore containerization and orchestration tools like Docker and Kubernetes.
Implement CI/CD pipelines for automated application deployment.",Intermediate,2.4,Low
Computer Vision and Image Processing,"This advanced-level course focuses on computer vision and image processing. Learn about image recognition, feature extraction, and computer vision applications.","Master image processing techniques like image filtering and segmentation.
Learn about feature extraction and object recognition in images.
Explore computer vision applications in autonomous vehicles and healthcare.
Develop computer vision projects and applications.",Advanced,2.6,Low
Introduction to Cloud Services,"This beginner-level course provides an introduction to cloud services. Learn about cloud computing models, cloud providers, and cloud-based applications.","Understand the basics of cloud computing and its advantages.
Learn about cloud service models like Infrastructure as a Service (IaaS) and Software as a Service (SaaS).
Explore popular cloud providers and their offerings.
Get hands-on experience with cloud-based applications.",Beginner,1.9,Low
Basics of Mobile App Design,This beginner-level course covers the basics of mobile app design. Learn to create user-friendly and visually appealing mobile app interfaces.,"Understand the principles of mobile app design.
Learn about user interface (UI) and user experience (UX) design.
Explore mobile app design tools and best practices.
Design a basic mobile app interface for improved user engagement.",Beginner,2.5,Very High
Computer Programming with Scratch,This beginner-level course introduces computer programming using Scratch. Learn the fundamentals of coding through visual programming.,"Learn the basics of computer programming concepts.
Explore visual programming with Scratch.
Create interactive animations and games using Scratch.
Build coding skills for beginners with hands-on projects.",Beginner,3.9,Very High
Cybersecurity for Small Businesses,This beginner-level course focuses on cybersecurity for small businesses. Learn to protect your business from online threats and attacks.,"Understand the importance of cybersecurity for small businesses.
Learn to identify and mitigate common cyber threats.
Explore best practices for securing business data and networks.
Implement cybersecurity measures for your small business.",Beginner,3.1,Very High
Advanced Network Security,"This advanced-level course focuses on advanced network security. Learn about intrusion detection systems, secure network design, and security protocols.","Master intrusion detection and prevention techniques.
Design and implement secure network architectures.
Explore advanced security protocols and encryption methods.
Analyze network traffic for security threats and anomalies.",Advanced,2.6,Very High
Programming with Scratch,"This beginner-level course teaches programming concepts using Scratch, a visual programming language. Learn coding basics through interactive projects.","Get started with coding using the Scratch visual programming language.
Learn programming concepts like loops, conditionals, and variables.
Create interactive stories, animations, and games in Scratch.
Develop computational thinking and problem-solving skills.",Beginner,3.0,Medium
Digital Literacy for Beginners,"This beginner-level course focuses on digital literacy basics. Learn about internet safety, online communication, and digital tools for everyday life.","Understand the importance of digital literacy in the modern world.
Learn about internet safety, online etiquette, and privacy.
Explore digital tools for communication, productivity, and information.
Build digital skills for daily life and online interactions.",Beginner,3.4,Very High
Advanced Web Design and User Experience ,This intermediate-level course covers advanced web design and user experience (UX) principles. Enhance your web design skills.,"Master advanced web design techniques and principles.
Learn to create user-centered web interfaces.
Explore advanced UX design methodologies.
Design and prototype responsive and engaging web experiences.",Intermediate,2.9,High
Networking for Beginners,"This beginner-level course covers the basics of computer networking. You will learn about network components, protocols, and how data is transmitted over networks.","Understand the key components of computer networks, including routers, switches, and cables.
Learn about network protocols and their role in data transmission.
Explore the fundamentals of IP addressing and subnetting.
Gain knowledge about network security and troubleshooting.",Beginner,2.6,Medium
Human-AI Interaction Design,This intermediate-level course focuses on human-AI interaction design. Learn to create intuitive and user-friendly AI-driven interfaces and experiences.,"Understand the principles of human-AI interaction design.
Learn to design user-friendly AI-driven interfaces and applications.
Explore AI ethics and responsible AI design.
Design and prototype AI-powered user interfaces.",Intermediate,2.5,Very High
Advanced Topics in Computer Science Research,This advanced-level course explores cutting-edge topics in computer science research. Learn about emerging technologies and research trends.,"Explore cutting-edge topics in computer science research.
Learn about emerging technologies like quantum computing and AI advancements.
Understand research methodologies and scholarly writing in computer science.
Contribute to ongoing research projects.",Advanced,3.1,Very High
Robotics and Autonomous Systems,"This advanced-level course focuses on robotics and autonomous systems. Learn about robot kinematics, control systems, and autonomous navigation.","Explore robot kinematics and dynamics for robotic arm control.
Learn about control systems and sensors in robotics.
Understand autonomous navigation and path planning algorithms.
Develop autonomous robotic systems for various applications.",Advanced,3.4,High
Basics of Operating Systems,"This beginner-level course covers the basics of operating systems, including their functions, components, and management.","Understand the role of operating systems in managing computer hardware.
Learn about key components of operating systems, such as file systems and memory management.
Explore process management and multitasking in operating systems.
Gain insights into operating system security and maintenance.",Beginner,2.3,Low
Introduction to Virtual Reality  Development,"This beginner-level course introduces virtual reality (VR) development. Learn about VR hardware, 3D modeling, and creating VR experiences.","Understand the basics of virtual reality (VR) and its applications.
Explore VR hardware and devices like VR headsets.
Learn 3D modeling for creating VR environments and objects.
Create immersive VR experiences and applications.",Beginner,2.4,Medium
Introduction to Databases,"This beginner-level course introduces the fundamentals of databases. You will learn about data modeling, SQL queries, and database management systems.","Understand the importance of databases in data storage and retrieval.
Learn about data modeling techniques and database design principles.
Write SQL queries to retrieve and manipulate data in databases.
Explore different database management systems and their features.",Beginner,3.1,Very High
Cybersecurity Risk Assessment,"This intermediate-level course covers cybersecurity risk assessment. Learn to identify, assess, and mitigate security risks in various contexts.","Understand the principles of cybersecurity risk assessment.
Learn to identify and analyze security threats and vulnerabilities.
Explore risk mitigation strategies and security controls.
Conduct practical risk assessments in real-world scenarios.",Intermediate,3.5,High
Quantum Computing,"This advanced-level course covers quantum computing. Learn about quantum algorithms, quantum gates, and quantum hardware.","Explore quantum computing principles and quantum bits (qubits).
Learn about quantum algorithms like Shor's algorithm and Grover's algorithm.
Understand quantum gates and quantum circuit design.
Experiment with quantum computing using simulators and real quantum hardware.",Advanced,3.0,High
Introduction to Cybersecurity for Kids,"This beginner-level course introduces cybersecurity concepts to kids. Learn about online safety, cyber threats, and safe internet practices.","Understand the importance of online safety and cybersecurity.
Learn about common cyber threats and how to protect against them.
Explore safe internet practices and responsible online behavior.
Develop foundational knowledge of cybersecurity for a safe digital experience.",Beginner,2.5,High
Computer Science and Society,"This beginner-level course explores the impact of computer science on society. Learn about ethical considerations, digital citizenship, and societal challenges.","Understand the role of computer science in shaping modern society.
Explore ethical issues related to technology and data privacy.
Learn about digital citizenship and responsible technology use.
Discuss societal challenges and opportunities in the digital age.",Beginner,1.8,Low
Advanced Data Mining and Analytics,This intermediate-level course focuses on advanced data mining and analytics. Learn to extract valuable insights from large datasets.,"Master advanced data mining techniques and algorithms.
Learn to analyze and interpret complex data patterns.
Explore predictive analytics and machine learning for data-driven insights.
Apply advanced data mining skills to real-world analytics projects.",Intermediate,3.1,Low
Advanced Mobile App Architecture,This intermediate-level course covers advanced mobile app architecture. Learn to design and build scalable and maintainable mobile applications.,"Master advanced mobile app architecture patterns and principles.
Learn to design scalable and maintainable mobile applications.
Explore architectural best practices for mobile app development.
Build advanced mobile apps with a focus on performance and reliability.",Intermediate,3.6,Medium
Introduction to Augmented Reality ,"This beginner-level course introduces augmented reality (AR) technology. Learn about AR applications, development, and creating interactive AR experiences.","Understand the basics of augmented reality (AR) technology.
Learn about AR applications and its potential uses.
Explore AR development and tools for creating AR experiences.
Create interactive AR projects and applications.",Beginner,2.4,Low
Cryptocurrency and Blockchain Applications,"This advanced-level course covers cryptocurrency and blockchain applications. Learn about blockchain technology, cryptocurrencies, and decentralized applications (DApps).","Understand the fundamentals of blockchain technology and its applications.
Learn about cryptocurrencies, smart contracts, and tokenomics.
Develop decentralized applications (DApps) on blockchain platforms.
Explore real-world use cases of blockchain in finance, supply chain, and more.",Advanced,3.5,Very High
Web Application Development Frameworks,This intermediate-level course covers web application development frameworks. Learn about popular frameworks for building robust web applications.,"Explore web application frameworks like Ruby on Rails and Angular.
Learn to build RESTful APIs and single-page applications (SPAs).
Develop full-stack web applications using modern frameworks.
Collaborate on web development projects with best practices.",Intermediate,2.4,High
Machine Learning and Deep Learning,"This intermediate-level course explores machine learning and deep learning techniques. Learn about neural networks, deep learning frameworks, and model training.","Understand machine learning algorithms and techniques.
Explore neural networks and deep learning frameworks like TensorFlow and PyTorch.
Train machine learning and deep learning models for various tasks.
Apply machine learning and deep learning in real-world projects.",Intermediate,3.2,Low
Data Analysis with Python,"This intermediate-level course focuses on data analysis with Python. Learn about data manipulation, visualization, and statistical analysis.","Master data manipulation with Python libraries like pandas.
Create data visualizations using tools like Matplotlib and Seaborn.
Perform statistical analysis and hypothesis testing on data.
Work with real-world datasets to gain data analysis skills.",Intermediate,2.6,Low
Advanced Computer Vision and Object Recognition,This advanced-level course covers advanced computer vision and object recognition. Learn to develop AI systems for visual perception.,"Master advanced computer vision techniques and deep learning models.
Learn to build AI systems for object detection and recognition.
Explore image segmentation, tracking, and visual scene understanding.
Contribute to the field of advanced computer vision and AI.",Advanced,3.0,Very High
Introduction to User Experience  Design,"This beginner-level course introduces the fundamentals of User Experience (UX) design. Learn about user research, prototyping, and usability testing.","Understand the importance of user-centered design in product development.
Conduct user research to gather insights and requirements.
Create interactive prototypes and design user interfaces.
Perform usability testing to improve product usability.",Beginner,3.1,Medium
Secure Software Development Principles,This intermediate-level course focuses on secure software development principles. Learn to code with security in mind.,"Understand the importance of secure software development.
Learn secure coding practices and techniques.
Explore threat modeling and vulnerability assessment.
Develop secure software applications and protect against cyber threats.",Intermediate,2.5,High
Software Development with React,"This intermediate-level course focuses on software development with React, a popular JavaScript library for building user interfaces.","Master React concepts and component-based development.
Build interactive and dynamic web applications using React.
Learn about state management with Redux and React Router for routing.
Develop modern web applications with React and associated tools.",Intermediate,3.5,Very High
Computer Science for Absolute Beginners,"This course is designed for absolute beginners in computer science. Learn the very basics of programming, algorithms, and computer hardware.","Get started with the absolute basics of computer science.
Learn introductory programming concepts using a beginner-friendly language.
Understand fundamental algorithms and problem-solving techniques.
Explore the basics of computer hardware and how it works.",Beginner,3.1,Very High
Natural Language Processing,"This advanced-level course covers natural language processing (NLP). Learn about text analysis, sentiment analysis, and machine translation.","Explore text analysis techniques for NLP tasks.
Learn about sentiment analysis and opinion mining.
Understand machine translation and language generation in NLP.
Develop NLP applications for chatbots and language processing tasks.",Advanced,2.3,High
Digital Citizenship for Beginners,"This beginner-level course focuses on digital citizenship. Learn about responsible online behavior, ethical internet use, and digital rights.","Understand the principles of digital citizenship.
Learn about responsible online behavior and digital ethics.
Explore digital rights and responsibilities.
Develop good practices for a positive digital presence.",Beginner,2.4,Very High
Compiler Design and Optimization,"This advanced-level course covers compiler design and optimization. Learn about lexical analysis, parsing, code generation, and optimization techniques.","Explore lexical analysis and parsing techniques for language processing.
Learn about intermediate code generation and code optimization.
Understand compiler frontends and backends.
Develop a complete compiler for a programming language.",Advanced,3.0,High
Big Data Analytics for Business,"This advanced-level course focuses on big data analytics for business. Learn about data-driven decision-making, predictive analytics, and business intelligence.","Apply big data analytics to make data-driven business decisions.
Learn about predictive analytics and machine learning for business applications.
Develop business intelligence dashboards for reporting and visualization.
Analyze large-scale data sets for strategic insights.",Advanced,3.1,High
Cloud-Native Application Development,"This advanced-level course focuses on cloud-native application development. Learn about containerization, Kubernetes, and microservices architecture.","Explore containerization technologies like Docker and container orchestration with Kubernetes.
Learn about microservices architecture and cloud-native design principles.
Develop cloud-native applications and deploy them in cloud environments.
Manage and scale cloud-native applications with modern DevOps practices.",Advanced,3.0,Very High
Python for Beginners,"This course is an introduction to the Python programming language. You will learn Python syntax, data structures, and how to write simple programs.","Familiarize yourself with Python syntax, including variables, loops, and conditionals.
Learn about common data structures in Python, such as lists and dictionaries.
Write Python programs to solve basic problems and tasks.
Understand how Python can be used in various applications, including web development and data analysis.",Beginner,2.4,Very High
Introduction to Cybersecurity Awareness,"This beginner-level course introduces the basics of cybersecurity awareness. Learn about common threats, online safety, and best practices for staying secure.","Understand the importance of cybersecurity in the digital world.
Learn about common cyber threats and how to protect yourself online.
Practice good online safety habits and recognize phishing attempts.
Implement best practices for password security and data protection.",Beginner,2.9,High
Network Administration,"This intermediate-level course covers network administration. Learn about network configuration, maintenance, and troubleshooting in a corporate environment.","Configure and manage network devices, including routers and switches.
Monitor network performance and troubleshoot connectivity issues.
Implement security measures to protect corporate networks.
Manage user access and permissions in a networked environment.",Intermediate,3.3,Low
High-Performance Computing Clusters and Grids,This advanced-level course explores high-performance computing clusters and grid computing. Learn to design and manage high-performance computing environments.,"Master the principles of high-performance computing clusters and grids.
Design and deploy high-performance computing environments.
Optimize cluster and grid performance for scientific and research applications.
Manage and troubleshoot complex computing clusters.",Advanced,3.9,Very High
JavaScript Basics,"This beginner-level course introduces JavaScript, a popular programming language used for web development. You will learn the basics of JavaScript syntax and its usage in web development.","Familiarize yourself with JavaScript syntax, variables, and data types.
Learn how to use JavaScript to manipulate web page elements and respond to user interactions.
Write JavaScript code to create interactive web applications.
Explore the role of JavaScript in modern web development.",Beginner,2.9,Very High
Advanced Data Visualization with Tableau,This intermediate-level course explores advanced data visualization techniques using Tableau. Learn to create interactive and informative data dashboards.,"Master advanced data visualization techniques with Tableau.
Learn to design and create interactive data dashboards.
Explore data storytelling and visualization best practices.
Communicate insights effectively through data visualizations.",Intermediate,3.1,Very High
Introduction to Algorithms,"This intermediate-level course explores algorithms and their role in computer science. You will learn about algorithm design, analysis, and their practical applications.","Understand the fundamentals of algorithm design and analysis.
Explore various algorithmic techniques, such as sorting and searching algorithms.
Learn how to analyze the time and space complexity of algorithms.
Apply algorithms to solve real-world problems and computational challenges.",Intermediate,3.0,Low
Front-End Web Development,"This intermediate-level course focuses on front-end web development. Learn about HTML5, CSS3, and JavaScript frameworks for building modern and responsive web interfaces.","Master HTML5, CSS3, and responsive web design techniques.
Learn popular front-end frameworks like React or Angular.
Explore web accessibility and cross-browser compatibility.
Build interactive and visually appealing web interfaces.",Intermediate,2.8,Low
Introduction to Software Development Tools,"This beginner-level course introduces software development tools and best practices. Learn about version control, integrated development environments (IDEs), and more.","Understand the essential software development tools and their roles.
Learn about version control systems like Git and GitHub.
Explore integrated development environments (IDEs) for coding efficiency.
Practice software development best practices and collaboration tools.",Beginner,3.0,Medium
Web Design for Beginners,"This beginner-level course covers the fundamentals of web design. Learn HTML and CSS basics, layout design, and creating responsive web pages.","Master HTML and CSS fundamentals for web design.
Understand web layout design and responsive web development.
Create basic web pages and simple interactive elements.
Design visually appealing and user-friendly websites.",Beginner,2.6,High
Advanced Robotics Perception,This advanced-level course covers advanced robotics perception techniques. Learn to enhance robot perception and decision-making capabilities.,"Master advanced robotics perception methods and algorithms.
Learn to integrate sensors and perception modules into robotic systems.
Explore computer vision and sensor fusion for robotics.
Enhance robot perception for autonomous navigation and interaction.",Advanced,2.8,Very High
Advanced Python Programming,"This intermediate-level course builds upon the fundamentals of Python. You will learn advanced Python concepts, including decorators, generators, and metaclasses. Explore real-world applications and best practices in Python programming.","Master advanced Python concepts like decorators and metaclasses.
Explore Python libraries and frameworks for various applications.
Understand best practices for Python code organization and optimization.
Apply Python programming skills to develop real-world applications.",Intermediate,3.0,Medium
Advanced Cloud Computing Services,"This intermediate-level course explores advanced cloud computing services. Learn about cloud architecture, service models, and advanced cloud solutions.","Master advanced cloud computing concepts and architectures.
Learn about cloud service models and their applications.
Explore advanced cloud solutions for specific business needs.
Design and implement advanced cloud projects.",Intermediate,3.2,Medium
Programming Logic and Design,"This beginner-level course focuses on programming logic and design principles. Learn algorithmic thinking, flowcharting, and problem-solving techniques.","Develop algorithmic thinking and problem-solving skills.
Create flowcharts to represent program logic.
Understand basic programming constructs like loops and conditionals.
Apply programming logic to solve simple computational problems.",Beginner,3.1,High
Web Development with JavaScript,"This intermediate-level course focuses on web development using JavaScript. You will learn client-side scripting, DOM manipulation, and asynchronous programming. Build interactive web applications.","Master JavaScript for client-side web development.
Learn about Document Object Model (DOM) manipulation.
Explore asynchronous programming and AJAX for web applications.
Build interactive and dynamic web applications with JavaScript.",Intermediate,2.8,Medium
Advanced Human-Computer Interaction Research,This advanced-level course delves into advanced human-computer interaction (HCI) research. Explore HCI methodologies and user-centered design.,"Master advanced HCI research methodologies and techniques.
Learn to conduct user-centered design studies and evaluations.
Explore advanced HCI topics, including augmented reality and wearables.
Contribute to the advancement of HCI research and interactive technology.",Advanced,2.5,High
Advanced Computer Graphics and Animation,"This advanced-level course focuses on advanced computer graphics and animation techniques. Learn about 3D rendering, animation pipelines, and visual effects.","Master advanced computer graphics techniques for realistic 3D rendering.
Learn about animation pipelines, rigging, and character animation.
Explore visual effects (VFX) and simulations in computer graphics.
Create advanced graphics and animation projects.",Advanced,2.9,Very High
Advanced Python Scripting,This intermediate-level course focuses on advanced Python scripting. Learn to automate tasks and build Python applications.,"Master advanced Python scripting techniques and libraries.
Learn to automate repetitive tasks with Python scripts.
Explore web scraping, data manipulation, and scripting best practices.
Develop Python applications for various purposes.",Intermediate,3.6,Very High
Introductory Machine Learning,"This intermediate-level course provides an introduction to machine learning techniques and algorithms. You will learn about supervised and unsupervised learning, as well as model evaluation and selection.","Understand the fundamentals of machine learning, including supervised and unsupervised learning.
Explore machine learning algorithms and their applications.
Learn how to evaluate and select machine learning models for different tasks.
Apply machine learning techniques to real-world datasets and problems.",Intermediate,3.2,Low
Computer Science for Kids,"This beginner-level course is designed for kids and introduces computer science concepts in a fun and engaging way. Learn about coding, problem-solving, and digital creativity.","Get started with coding using block-based programming languages.
Develop problem-solving skills through interactive projects and games.
Learn about digital creativity and basic computer science principles.
Explore the world of technology and its impact on society.",Beginner,3.1,Medium
Distributed Systems,"This advanced-level course covers distributed systems. Learn about distributed architectures, consensus algorithms, and fault tolerance.","Explore distributed system architectures like microservices and containers.
Learn about consensus algorithms like Raft and Paxos.
Understand fault tolerance and replication in distributed systems.
Develop distributed applications and services.",Advanced,3.2,Very High
Advanced Natural Language Understanding and Generation,This advanced-level course focuses on advanced natural language understanding and generation. Explore advanced NLP and language models.,"Master advanced NLP techniques and state-of-the-art language models.
Learn to build AI systems for natural language understanding and generation.
Explore language translation, text summarization, and conversational AI.
Contribute to the development of advanced NLP applications.",Advanced,3.1,High
Introduction to Cybersecurity,"This beginner-level course introduces the basics of cybersecurity. Learn about common threats, security measures, and best practices to protect digital assets.","Understand common cybersecurity threats and vulnerabilities.
Learn security measures to protect personal and organizational data.
Explore best practices for safe online behavior and secure communication.
Apply basic cybersecurity principles to safeguard digital assets.",Beginner,2.8,High
Data Science with Python,"This intermediate-level course focuses on data science using Python. Learn data analysis, visualization, and machine learning techniques for data-driven insights.","Explore data preprocessing, analysis, and visualization using Python libraries.
Learn machine learning techniques for predictive modeling.
Work with real-world datasets and solve data science problems.
Communicate data-driven insights effectively.",Intermediate,3.1,Low
Web Application Development with Vue.js,This intermediate-level course focuses on web application development with Vue.js. Learn to build interactive and responsive web apps.,"Master Vue.js, a popular JavaScript framework for web development.
Learn to create interactive and responsive web applications.
Explore component-based development and state management in Vue.js.
Build advanced web apps with Vue.js and Vue Router.",Intermediate,2.0,Medium
Quantum Algorithms and Quantum Computing Applications,This advanced-level course covers quantum algorithms and applications in quantum computing. Learn about quantum programming and quantum simulations.,"Understand quantum algorithms and their advantages over classical algorithms.
Learn about quantum programming languages and quantum simulators.
Explore real-world applications of quantum computing in various fields.
Develop and optimize quantum algorithms for specific tasks.",Advanced,3.4,High
Cloud Native Security and DevSecOps,This advanced-level course covers cloud native security and DevSecOps practices. Learn to secure cloud-native applications and adopt a DevSecOps culture.,"Master cloud native security practices and tools.
Implement security measures for cloud-native applications.
Integrate security into the DevOps process with DevSecOps practices.
Adopt a culture of security and automation in cloud environments.",Advanced,2.7,Low
Advanced DevOps Practices,This intermediate-level course delves into advanced DevOps practices. Learn to automate software development and deployment pipelines.,"Master advanced DevOps principles and practices.
Learn to set up continuous integration and continuous deployment (CI/CD) pipelines.
Explore containerization, orchestration, and infrastructure as code (IaC).
Improve software delivery and deployment with DevOps expertise.",Intermediate,2.2,Medium
Introduction to Video Game Design,"This beginner-level course introduces video game design concepts. Learn about game development, mechanics, and creating interactive gameplay.","Understand the fundamentals of video game design and development.
Learn about game mechanics, storyboarding, and level design.
Explore interactive gameplay and user engagement strategies.
Create basic video game prototypes and projects.",Beginner,3.3,High
Software Quality Assurance,This intermediate-level course covers software quality assurance (QA) principles and practices. Learn about testing methodologies and QA processes.,"Understand the importance of software quality assurance in the development cycle.
Learn about different testing methodologies, including manual and automated testing.
Perform test planning, test case design, and test execution.
Implement QA processes and strategies for delivering high-quality software.",Intermediate,2.9,High
Computer Graphics and Visualization,"This intermediate-level course covers computer graphics and data visualization. Learn about rendering techniques, 3D graphics, and interactive visualization.","Explore computer graphics principles, including rendering and shading.
Learn about 3D graphics and modeling techniques.
Create interactive visualizations and simulations.
Apply computer graphics and visualization in multimedia and gaming.",Intermediate,2.4,High
Introduction to Artificial Intelligence,"This beginner-level course introduces the field of artificial intelligence (AI). You will learn about AI concepts, machine learning, and practical AI applications.","Understand the basics of artificial intelligence and its applications.
Learn about machine learning and its role in AI.
Explore practical AI applications in areas like image recognition and natural language processing.
Get an overview of ethical considerations in AI development.",Beginner,2.9,Very High
Introduction to Cloud-Based Productivity Tools,"This beginner-level course introduces cloud-based productivity tools. Learn about cloud applications for collaboration, document management, and more.","Understand the benefits of cloud-based productivity tools.
Learn to use cloud applications for collaboration and document management.
Explore productivity-enhancing features and functionalities.
Integrate cloud-based tools into daily tasks for improved efficiency.",Beginner,2.8,Low
IoT Security and Protocols,This intermediate-level course focuses on IoT security and protocols. Learn to secure Internet of Things (IoT) devices and networks.,"Understand the importance of IoT security and protocols.
Learn about IoT device authentication and encryption.
Explore common IoT security threats and mitigation strategies.
Secure IoT ecosystems and protect against cyber threats.",Intermediate,3.8,Medium
Database Management Systems,"This intermediate-level course covers database management systems (DBMS). Learn about relational databases, SQL, normalization, and database design.","Understand relational databases and DBMS architecture.
Learn SQL for data retrieval and manipulation.
Explore database normalization and design principles.
Design and implement databases for various applications.",Intermediate,3.1,Medium
AI in Art and Creativity,This advanced-level course explores AI in art and creativity. Learn to create AI-generated art and innovative creative applications.,"Master AI techniques for generative art and creative content creation.
Learn to build AI-driven creative tools and applications.
Explore applications in music composition, visual arts, and design.
Contribute to the intersection of AI and art for creative innovations.",Advanced,2.4,Very High
High-Performance Computing Clusters,"This advanced-level course focuses on high-performance computing clusters. Learn about cluster architecture, parallel processing, and HPC applications.","Explore high-performance computing (HPC) cluster architecture.
Learn about parallel processing and distributed computing.
Develop and optimize applications for HPC clusters.
Apply HPC techniques in scientific simulations and data analysis.",Advanced,2.4,Medium
Introduction to HTML and CSS,"This beginner-level course focuses on the fundamentals of web development, covering HTML for content structure and CSS for styling web pages.","Learn the basics of HTML for creating structured web content.
Understand how CSS is used to style and format web pages.
Create simple web pages using HTML and CSS.
Explore web development best practices and standards.",Beginner,3.0,High
Introduction to Computer Science,"This course provides an introduction to the field of computer science. You will learn about the fundamental concepts, history, and various areas within computer science. Topics covered include algorithms, data structures, programming, and problem-solving.","Understand the basics of computer science and its importance in today's world.
Learn about algorithms and their role in solving problems efficiently.
Explore data structures and their applications in software development.
Get an overview of programming languages and their usage in computer science.",Beginner,2.9,Low
C++ Programming for Beginners,"This course is designed for beginners and covers the fundamentals of the C++ programming language. You will learn about C++ syntax, data types, and basic programming concepts.","Familiarize yourself with C++ syntax, including variables, loops, and functions.
Learn about C++ data types and their usage.
Write C++ programs to solve basic problems and tasks.
Understand how C++ can be used in various applications, including game development and system programming.",Beginner,2.9,Medium
Advanced Blockchain Development,This advanced-level course delves into advanced blockchain development. Learn to build decentralized applications (DApps) and smart contracts.,"Master advanced blockchain development techniques.
Learn to build decentralized applications (DApps) on blockchain platforms.
Explore smart contract development and blockchain security.
Implement blockchain solutions for various industries.",Advanced,2.8,Very High
Ethical Hacking for Cybersecurity Experts,This advanced-level course covers ethical hacking for cybersecurity experts. Learn advanced penetration testing and security assessment techniques.,"Master advanced ethical hacking techniques and methodologies.
Learn to conduct in-depth penetration tests and security assessments.
Explore advanced hacking tools and vulnerability exploitation.
Enhance cybersecurity defenses through ethical hacking expertise.",Advanced,3.0,High
Cybersecurity Risk Management,"This advanced-level course focuses on cybersecurity risk management. Learn about risk assessment, threat modeling, and risk mitigation strategies.","Conduct cybersecurity risk assessments for organizations.
Perform threat modeling and vulnerability assessments.
Develop risk mitigation strategies and incident response plans.
Manage cybersecurity risks in complex environments.",Advanced,2.7,Low
Basics of Gaming and Game Development,"This beginner-level course covers the basics of gaming and game development. Learn about game design, development tools, and game industry insights.","Understand the fundamentals of gaming and the game development process.
Learn about game design principles and game mechanics.
Explore game development tools and platforms.
Begin your journey into the world of game creation and design.",Beginner,2.6,Medium
Fundamentals of 3D Printing,"This beginner-level course covers the fundamentals of 3D printing technology. Learn about 3D modeling, printing processes, and applications of 3D printing.","Understand the basics of 3D printing technology and its applications.
Learn about 3D modeling and design for 3D printing.
Explore different 3D printing processes and materials.
Gain hands-on experience in 3D printing projects.",Beginner,3.6,High
Human-AI Collaboration,This advanced-level course explores human-AI collaboration. Learn how humans and artificial intelligence can work together in various domains.,"Understand the principles of human-AI collaboration.
Explore case studies of AI-human collaboration in healthcare, finance, and more.
Learn about AI augmentation of human capabilities.
Develop strategies for effective human-AI collaboration.",Advanced,2.5,High
Advanced Topics in Machine Learning Research,This advanced-level course explores advanced topics in machine learning research. Learn about cutting-edge algorithms and research trends.,"Explore advanced machine learning algorithms and models.
Understand recent research developments in machine learning.
Contribute to ongoing machine learning research projects.
Publish and present research findings in machine learning.",Advanced,2.8,Medium
Introduction to Virtual Private Networks ,This beginner-level course introduces virtual private networks (VPNs). Learn how VPNs work and how to use them for online security and privacy.,"Understand the concept of virtual private networks (VPNs).
Learn how VPNs enhance online security and privacy.
Explore VPN setup and configuration on different devices.
Use VPNs to protect your online activities and sensitive data.",Beginner,2.6,Low
Advanced Web Development,"This intermediate-level course delves deeper into web development. Learn about advanced web technologies, frameworks, and web application deployment.","Explore advanced web technologies like Node.js and Django.
Learn about web application frameworks and RESTful APIs.
Deploy web applications to production servers and cloud platforms.
Develop feature-rich web applications with modern UI/UX design.",Intermediate,2.8,Very High
Web Hosting and Domain Management,"This beginner-level course covers web hosting and domain management basics. Learn how to register domains, choose hosting providers, and manage websites.","Register and manage domain names for websites.
Choose appropriate web hosting providers and plans.
Set up and configure websites on web hosting servers.
Understand DNS and domain-related terminology.",Beginner,3.3,Low
Computer Science for Educators,"This beginner-level course is designed for educators. Learn about computer science concepts, programming basics, and integrating CS into education.","Understand fundamental computer science concepts and principles.
Learn the basics of programming and algorithmic thinking.
Explore strategies for integrating computer science into educational curricula.
Develop teaching approaches to enhance computer science education.",Beginner,2.3,Low
AI in Business Strategy,This intermediate-level course focuses on the strategic use of AI in business. Learn to develop AI-driven business strategies and solutions.,"Understand the strategic implications of AI in business.
Learn to develop AI-driven business strategies and use cases.
Explore AI implementation in various business domains.
Leverage AI for competitive advantage and business growth.",Intermediate,2.0,Medium
Cybersecurity Governance and Compliance,This advanced-level course covers cybersecurity governance and compliance. Learn to establish robust cybersecurity frameworks and compliance measures.,"Master cybersecurity governance principles and best practices.
Learn to establish cybersecurity compliance measures.
Explore regulatory frameworks and cybersecurity audits.
Develop and implement cybersecurity policies and procedures.",Advanced,2.1,Low
Advanced User Experience  Research,This intermediate-level course delves into advanced user experience (UX) research. Learn to conduct in-depth UX research and usability studies.,"Master advanced UX research methodologies and techniques.
Learn to conduct usability studies and user testing.
Explore user journey mapping and persona development.
Apply advanced UX research skills to improve product design.",Intermediate,3.9,Very High
Advanced Front-End Frameworks,This intermediate-level course covers advanced front-end frameworks. Learn to build dynamic and responsive web interfaces.,"Master advanced front-end frameworks, such as React and Angular.
Learn to create interactive and responsive web applications.
Explore state management, routing, and component-based development.
Build advanced web interfaces with modern front-end technologies.",Intermediate,3.2,Low
Advanced Cloud Security Management,This advanced-level course focuses on advanced cloud security management. Learn to secure cloud environments and protect cloud-based assets.,"Master advanced cloud security concepts and best practices.
Learn to secure cloud infrastructure and data in diverse cloud environments.
Explore identity and access management (IAM) in cloud security.
Implement advanced cloud security strategies and incident response.",Advanced,2.5,Medium
Network Security and Penetration Testing,This intermediate-level course focuses on network security and penetration testing. Learn about securing networks and ethical hacking techniques.,"Master network security principles and secure network design.
Conduct penetration testing and vulnerability assessment.
Explore ethical hacking techniques for network security.
Analyze network traffic for security threats and anomalies.",Intermediate,3.4,High
Introduction to Cloud File Storage,This beginner-level course introduces cloud file storage services. Learn to store and manage files in the cloud.,"Understand the basics of cloud file storage services.
Learn to upload, download, and organize files in the cloud.
Explore file sharing and collaboration features in cloud storage.
Securely manage your digital files using cloud storage solutions.",Beginner,2.0,Low
Advanced Topics in Computer Graphics,"This advanced-level course explores advanced topics in computer graphics. Learn about real-time rendering, 3D modeling, and graphics programming.","Explore advanced techniques in real-time rendering and computer graphics.
Learn about 3D modeling, animation, and visualization.
Develop graphics applications and games using modern graphics APIs.
Apply computer graphics concepts in virtual reality and augmented reality.",Advanced,3.1,Medium
Introduction to Cloud Storage and Backup,"This beginner-level course introduces cloud storage and backup solutions. Learn about cloud storage providers, data backup strategies, and cloud data management.","Understand the advantages of cloud storage and backup solutions.
Learn about popular cloud storage providers and their offerings.
Implement data backup strategies in cloud environments.
Manage cloud-based data and ensure data security.",Beginner,3.3,Very High
Quantum Computing for Cryptanalysis,This advanced-level course focuses on quantum computing for cryptanalysis. Learn to analyze and strengthen cryptographic systems against quantum attacks.,"Master advanced quantum computing concepts and cryptographic principles.
Learn to assess the vulnerability of cryptographic systems to quantum attacks.
Explore post-quantum cryptography and quantum-resistant algorithms.
Contribute to the security of digital communications in the quantum era.",Advanced,2.2,Medium
Introduction to Data Analysis,"This beginner-level course focuses on data analysis basics. Learn about data exploration, visualization, and basic statistical analysis techniques.","Understand the fundamentals of data analysis and its applications.
Learn data exploration techniques and data cleaning.
Create data visualizations using tools like Excel and basic statistical analysis.
Analyze real-world data sets to gain data analysis skills.",Beginner,3.6,High
Data Structures for Beginners,"This beginner-level course introduces data structures and their importance in computer science. You will learn about arrays, linked lists, stacks, and queues.","Understand the concept of data structures and their significance.
Learn about commonly used data structures like arrays and linked lists.
Explore the principles of stack and queue data structures.
Implement and use data structures in practical programming scenarios.",Beginner,3.6,Low
Mobile App Development,"This intermediate-level course covers mobile app development for iOS and Android platforms. Learn about app design, development frameworks, and deployment.","Explore mobile app design principles and user interfaces.
Learn mobile app development using platforms like Swift (iOS) or Java/Kotlin (Android).
Understand app testing, debugging, and deployment.
Develop and publish mobile apps for real-world use.",Intermediate,2.8,High
Introduction to Data Science,"This beginner-level course provides an introduction to data science. Learn about data analysis, visualization, and basic machine learning concepts.","Explore data analysis and visualization using tools like Excel or Python.
Understand data cleaning and preprocessing techniques.
Learn about basic machine learning algorithms and their applications.
Get hands-on experience with data science projects.",Beginner,2.7,Low
Cybersecurity and Ethical Hacking,"This advanced-level course covers cybersecurity and ethical hacking. Learn about advanced threat detection, penetration testing, and ethical hacking techniques.","Master advanced threat detection and incident response techniques.
Conduct penetration testing and vulnerability assessment.
Explore ethical hacking techniques for network and web application security.
Understand security auditing and compliance standards.",Advanced,2.8,Medium
Introduction to Java Programming,"This beginner-level course introduces the Java programming language. You will learn Java syntax, object-oriented programming concepts, and how to write Java applications.","Familiarize yourself with Java syntax, including variables, classes, and methods.
Learn about object-oriented programming principles in Java.
Write Java programs to solve basic problems and tasks.
Explore the versatility of Java in various applications, including web development and mobile app development.",Beginner,3.2,Medium
Introduction to E-Commerce,"This beginner-level course introduces the fundamentals of e-commerce. Learn about online shopping, payment systems, and e-commerce business models.","Understand the basics of e-commerce and its evolution.
Learn about online shopping platforms and payment gateways.
Explore e-commerce business models and strategies.
Start your journey into the world of online selling and entrepreneurship.",Beginner,2.9,Medium
Advanced Cryptocurrency and Blockchain Technologies,"This advanced-level course delves into advanced cryptocurrency and blockchain technologies. Learn about smart contracts, consensus algorithms, and blockchain scaling.","Master advanced cryptocurrency and blockchain concepts.
Explore smart contracts and decentralized applications (DApps).
Understand blockchain consensus algorithms and scalability solutions.
Participate in advanced blockchain development and research.",Advanced,2.7,High
Advanced Cloud Architecture Design,This intermediate-level course covers advanced cloud architecture design. Learn to design scalable and resilient cloud solutions.,"Master advanced cloud architecture concepts and principles.
Learn to design cloud solutions for high availability and performance.
Explore cloud security and compliance considerations.
Design and implement cloud architectures for diverse business needs.",Intermediate,2.6,High
Introduction to Robotics,"This beginner-level course introduces robotics concepts. Learn about robot components, sensors, and basic robot programming.","Understand the components and sensors commonly used in robots.
Learn basic robot programming and control techniques.
Explore real-world applications of robotics in various fields.
Get hands-on experience with robot building and programming.",Beginner,2.8,Medium
Natural Language Processing for Advanced Applications,"This advanced-level course focuses on natural language processing (NLP) for advanced applications. Learn about sentiment analysis, chatbots, and NLP in healthcare.","Master advanced NLP techniques for text analysis and understanding.
Learn about sentiment analysis, chatbot development, and NLP in healthcare.
Explore real-world NLP applications in various industries.
Develop advanced NLP projects and solutions.",Advanced,3.0,Low
Introduction to Internet of Things  for Beginners,"This beginner-level course provides an introduction to the Internet of Things (IoT). Learn about IoT devices, applications, and their impact on various industries.","Understand the basics of the Internet of Things (IoT).
Learn about IoT devices, sensors, and communication protocols.
Explore IoT applications and use cases across different industries.
Gain insights into the impact of IoT on the modern world.",Beginner,3.1,Medium
Introduction to Web Accessibility,This beginner-level course focuses on web accessibility. Learn about the importance of accessible web design and how to create inclusive web experiences.,"Understand the significance of web accessibility for all users.
Learn about web accessibility standards and guidelines.
Apply accessible design principles and practices to web content.
Test and evaluate websites for accessibility compliance.",Beginner,3.8,Low
Introduction to Mobile App Development,"This beginner-level course introduces mobile app development. Learn about app design, user interfaces, and basic app development using a no-code or low-code platform.","Understand mobile app design principles and user interfaces.
Learn to create basic mobile apps using no-code or low-code platforms.
Explore app deployment to mobile devices.
Get started with mobile app development for Android or iOS.",Beginner,3.7,High
Bioinformatics and Computational Biology,"This advanced-level course focuses on bioinformatics and computational biology. Learn about sequence analysis, genomics, and computational tools in biology.","Master bioinformatics techniques for DNA and protein sequence analysis.
Learn about genomics, structural biology, and computational tools.
Apply computational methods to biological research and analysis.
Contribute to advancements in bioinformatics and biology research.",Advanced,2.6,High
Cybersecurity Fundamentals,"This course provides an introduction to the fundamentals of cybersecurity. You will learn about common threats, security principles, and best practices to protect digital assets.","Understand the importance of cybersecurity in today's digital world.
Learn about common cybersecurity threats and attack vectors.
Explore security principles and best practices to safeguard data and systems.
Develop foundational knowledge in cybersecurity for personal and professional use.",Beginner,2.2,Medium
Coding for Beginners: Scratch Programming,"This beginner-level course teaches coding basics using Scratch, a visual programming language. Learn to create interactive animations and games.","Get started with coding using the Scratch visual programming language.
Learn coding concepts like loops, conditionals, and variables.
Create interactive animations, stories, and games in Scratch.
Develop problem-solving skills and computational thinking.",Beginner,2.8,Medium
Human-Computer Interaction ,"This advanced-level course covers human-computer interaction (HCI). Learn about usability, user-centered design, and HCI research methodologies.","Explore usability principles and user-centered design techniques.
Learn about HCI research methodologies and user testing.
Understand HCI in the context of mobile and wearable devices.
Design and evaluate user interfaces for improved user experience.",Advanced,2.7,Medium
AI for Drug Discovery,This advanced-level course focuses on AI for drug discovery. Learn to apply AI and computational methods to accelerate drug development.,"Understand the role of AI in drug discovery and pharmaceutical research.
Learn to leverage AI and computational tools for drug design and screening.
Explore drug discovery pipelines and AI-driven drug development.
Contribute to the advancement of AI-driven drug discovery solutions.",Advanced,2.2,High
AI in Finance and Algorithmic Trading,This advanced-level course covers AI in finance and algorithmic trading. Learn to develop AI-driven trading strategies and financial models.,"Master AI techniques for financial analysis and algorithmic trading.
Learn to build AI-driven trading models and risk assessment tools.
Explore applications in quantitative finance and market prediction.
Contribute to AI advancements in the financial industry.",Advanced,2.5,Medium
Advanced Data Warehousing,"This intermediate-level course delves into advanced data warehousing concepts. Learn about data modeling, ETL processes, and data warehousing solutions.","Master advanced data modeling techniques for data warehousing.
Learn about ETL processes and data integration in data warehousing.
Explore data warehousing solutions and architectures.
Design and implement advanced data warehousing projects.",Intermediate,3.0,High
Social Media and Digital Literacy,"This beginner-level course covers social media usage and digital literacy. Learn about online safety, privacy, and effective use of social media platforms.","Understand the basics of social media platforms and their usage.
Learn about online safety, privacy, and digital footprints.
Explore effective communication and engagement on social media.
Develop digital literacy skills for the modern online world.",Beginner,3.1,High
Object-Oriented Programming in Java,"This intermediate-level course delves into object-oriented programming (OOP) using the Java programming language. Explore OOP principles, design patterns, and Java application development.","Master object-oriented programming principles in Java.
Learn about Java classes, inheritance, and polymorphism.
Explore design patterns for software development.
Develop Java applications using OOP concepts and design patterns.",Intermediate,2.9,Very High
Quantum Cryptography and Quantum Secure Communication,This advanced-level course explores quantum cryptography and secure communication. Learn about quantum key distribution and quantum encryption techniques.,"Master quantum cryptography principles and quantum secure communication.
Learn about quantum key distribution (QKD) and quantum encryption.
Understand the security advantages of quantum technologies.
Explore practical applications of quantum cryptography.",Advanced,3.0,High
Software Development Lifecycle,"This intermediate-level course covers the software development lifecycle (SDLC). Learn about SDLC models, requirements engineering, and project management.","Understand various software development lifecycle models.
Learn requirements engineering and software design.
Explore project management and software testing in SDLC.
Apply SDLC principles in real-world software projects.",Intermediate,4.0,Low
Cybersecurity Incident Response and Forensics,This advanced-level course focuses on cybersecurity incident response and digital forensics. Learn to investigate and respond to security incidents.,"Master incident response techniques for cybersecurity emergencies.
Learn digital forensics methodologies and evidence collection.
Conduct investigations and analyze security incidents.
Develop incident response plans and strategies.",Advanced,2.9,Very High
Advanced Agile Software Development,This intermediate-level course delves into advanced agile software development practices. Learn to enhance agility in software development projects.,"Master advanced agile software development principles and methodologies.
Learn to lead and manage agile software development teams.
Explore agile scaling frameworks for large projects.
Apply agile practices to complex software development scenarios.",Intermediate,3.0,Low
Introduction to Data Privacy for Consumers,This beginner-level course focuses on data privacy for consumers. Learn how to protect your personal information online and safeguard your privacy.,"Understand the importance of data privacy in the digital age.
Learn about online privacy threats and data breaches.
Explore best practices for securing personal information online.
Take proactive steps to protect your digital privacy.",Beginner,3.1,Medium
Computer Science Essentials,"This intermediate-level course delves into essential topics in computer science, including data structures, algorithms, and software development concepts.","Review key concepts in computer science, including data structures and algorithms.
Explore software development principles and best practices.
Understand the role of databases in modern computing.
Apply computer science knowledge to solve real-world problems.",Intermediate,2.9,Medium
Internet of Things  Development,"This advanced-level course covers Internet of Things (IoT) development. Learn about IoT architectures, sensor networks, and IoT security.","Explore IoT architectures and edge computing in IoT systems.
Learn about sensor networks, IoT protocols, and IoT device programming.
Understand IoT security measures and privacy considerations.
Develop IoT applications and projects in various domains.",Advanced,3.3,High
Advanced Database Systems,"This advanced-level course covers advanced database systems. Learn about distributed databases, NoSQL databases, and big data storage solutions.","Explore distributed database architectures and replication.
Learn about NoSQL databases like MongoDB and Cassandra.
Understand big data storage solutions like Hadoop and Spark.
Design and implement advanced database systems for complex data requirements.",Advanced,3.6,Low
Advanced Computer Graphics Rendering,This advanced-level course focuses on advanced computer graphics rendering techniques. Learn to create realistic and high-quality graphics.,"Master advanced computer graphics rendering techniques.
Learn about ray tracing, global illumination, and advanced rendering algorithms.
Explore real-time graphics and advanced visual effects (VFX).
Create high-quality and visually stunning graphics projects.",Advanced,2.6,High
AI in Environmental Sustainability,This advanced-level course explores AI in environmental sustainability. Learn to use AI for environmental monitoring and conservation.,"Master AI techniques for environmental monitoring and analysis.
Learn to develop AI systems for sustainable resource management.
Explore applications in climate modeling, conservation, and ecology.
Contribute to environmental sustainability through AI innovations.",Advanced,3.1,Very High
Software Development with Agile Methodology,"This intermediate-level course focuses on software development with Agile methodology. Learn about Agile principles, Scrum, and Agile project management.","Understand Agile principles and values in software development.
Learn about the Scrum framework and Agile project management.
Practice Agile methodologies in software development projects.
Collaborate with cross-functional teams and adapt to changing requirements.",Intermediate,3.7,Low
Advanced Machine Learning Applications,This intermediate-level course focuses on advanced machine learning applications. Learn to apply ML techniques to real-world problems.,"Master advanced machine learning algorithms and models.
Learn to apply ML in domains like healthcare, finance, and more.
Explore deep learning, reinforcement learning, and transfer learning.
Solve complex problems with advanced machine learning applications.",Intermediate,2.5,Very High
Advanced Human-Robot Interaction Design,This advanced-level course focuses on advanced human-robot interaction design. Explore the design of intuitive and collaborative robot interfaces.,"Master advanced principles of human-robot interaction (HRI) design.
Learn to create intuitive and collaborative robot interfaces.
Explore HRI evaluation, gesture recognition, and social robotics.
Contribute to the development of advanced HRI systems and robots.",Advanced,3.3,Low
AI Ethics and Bias Mitigation,This advanced-level course covers AI ethics and bias mitigation. Learn to address ethical challenges and biases in AI systems.,"Master advanced AI ethics principles and frameworks.
Learn to identify and mitigate biases in AI algorithms and data.
Explore fairness, transparency, and accountability in AI.
Contribute to the ethical development and deployment of AI technologies.",Advanced,2.8,Very High
Machine Learning Model Deployment,This intermediate-level course focuses on deploying machine learning models. Learn to take machine learning projects from development to production.,"Understand the deployment process for machine learning models.
Learn about containerization and deployment platforms.
Explore best practices for scaling and monitoring deployed models.
Deploy machine learning projects in real-world scenarios.",Intermediate,2.3,Low
Advanced Natural Language Processing,This intermediate-level course focuses on advanced natural language processing (NLP). Explore NLP models and applications.,"Master advanced NLP techniques and deep learning models.
Learn to build NLP applications for text analysis and understanding.
Explore sentiment analysis, language generation, and chatbots.
Apply advanced NLP skills to real-world language processing tasks.",Intermediate,2.4,Low
DevOps and Continuous Integration/Continuous Deployment ,"This advanced-level course covers DevOps and CI/CD practices. Learn about automation, infrastructure as code, and continuous delivery pipelines.","Master DevOps principles and practices for software development and deployment.
Learn about infrastructure as code (IaC) and configuration management.
Set up CI/CD pipelines for automated testing and deployment.
Implement monitoring and observability in DevOps environments.",Advanced,2.6,Low
Software Development Basics,"This course covers the basics of software development, including software development methodologies, version control, and debugging techniques.","Understand the software development life cycle and methodologies.
Learn about version control systems and their importance in collaborative coding.
Explore debugging techniques to identify and fix software errors.
Apply software development principles in practical coding scenarios.",Beginner,3.2,Medium
Intermediate Level :,Explore intermediate-level courses in computer science and related fields.,"Discover intermediate-level topics and skills in computer science.
Choose from a variety of courses to continue your learning journey.
Expand your knowledge and practical skills in the field of your choice.
Prepare for more advanced coursework and career opportunities.",Beginner,3.7,Medium
Introduction to Computer Networks,"This beginner-level course provides an introduction to computer networks. Learn about network architecture, protocols, and basic troubleshooting.","Understand the fundamentals of computer networks and their importance.
Learn about network topologies, protocols, and addressing schemes.
Configure and troubleshoot basic network connections.
Explore real-world applications of computer networks.",Beginner,3.2,Medium
Introduction to Coding with Scratch,"This beginner-level course introduces coding using Scratch, a visual programming language. Learn the basics of programming and create interactive projects.","Understand the fundamentals of programming and algorithms.
Learn to code using Scratch, a visual programming language.
Create interactive animations, games, and stories.
Develop problem-solving skills through coding projects.",Beginner,3.0,Low
Advanced Database Design,"This intermediate-level course covers advanced database design topics. Learn about normalization, indexing, and designing complex database systems.","Understand advanced database normalization techniques.
Design and optimize database schemas for performance.
Explore indexing strategies and query optimization.
Design complex database systems for specific application requirements.",Intermediate,3.4,Low
Advanced Data Analysis with Pandas,"This intermediate-level course focuses on advanced data analysis using the Pandas library. Learn to manipulate, analyze, and visualize complex datasets.","Master advanced data manipulation techniques with Pandas.
Learn to perform complex data analysis tasks using Pandas.
Explore data visualization with Pandas and other Python libraries.
Apply advanced data analysis skills to real-world datasets.",Intermediate,2.6,Low
Software Architecture and Design Patterns,"This advanced-level course focuses on software architecture and design patterns. Learn about architectural styles, design principles, and patterns for software development.","Explore software architectural styles like microservices and monolithic architecture.
Learn design principles like SOLID and DRY.
Master common design patterns like Singleton and Observer.
Apply software architecture and design patterns in software projects.",Advanced,2.8,Medium
Advanced Topics in Web Security,"This intermediate-level course explores advanced topics in web security. Learn about web vulnerabilities, secure coding practices, and threat mitigation.","Master advanced web security concepts and vulnerabilities.
Learn secure coding practices and techniques.
Explore threat detection and mitigation strategies.
Apply security measures to protect web applications and data.",Intermediate,3.1,High
Data Engineering and ETL,"This intermediate-level course focuses on data engineering and ETL (Extract, Transform, Load) processes. Learn about data pipelines, data integration, and data warehousing.","Understand data engineering concepts and data pipeline design.
Learn about ETL processes for data integration and transformation.
Explore data warehousing solutions and architectures.
Develop data engineering projects for real-world scenarios.",Intermediate,2.5,Medium
Big Data Analytics,"This advanced-level course focuses on big data analytics. Learn about data processing frameworks, distributed storage, and data analysis at scale.","Explore big data processing frameworks like Apache Hadoop and Spark.
Learn about distributed storage solutions like HDFS and NoSQL databases.
Analyze and visualize large datasets for data-driven insights.
Apply big data analytics in business intelligence and decision-making.",Advanced,3.7,Low
Advanced Cloud Security and Compliance,This advanced-level course covers advanced cloud security and compliance. Learn to secure and govern cloud environments effectively.,"Master advanced cloud security principles and practices.
Learn to ensure compliance with industry standards and regulations.
Explore cloud security architecture, monitoring, and incident response.
Enhance cloud security and compliance for diverse business needs.",Advanced,3.6,Medium
Advanced Human-Computer Interaction,"This advanced-level course delves into advanced human-computer interaction (HCI) principles. Explore user-centered design, usability testing, and HCI research.","Master advanced HCI principles for user-centered design.
Learn about usability testing, user research, and HCI evaluation.
Explore HCI design methodologies and emerging HCI trends.
Contribute to HCI research and design innovative user interfaces.",Advanced,2.7,Very High
Advanced Topics in Quantum Computing,"This advanced-level course delves into advanced topics in quantum computing. Explore quantum algorithms, quantum hardware, and quantum software.","Master advanced quantum computing concepts and principles.
Learn about quantum algorithms and quantum hardware architectures.
Explore quantum software development and optimization.
Contribute to advancements in quantum computing research and applications.",Advanced,1.9,Low
Advanced Topics in Quantum Cryptography,This advanced-level course delves into advanced topics in quantum cryptography. Explore cutting-edge cryptographic techniques and quantum security.,"Master advanced quantum cryptographic concepts and protocols.
Learn to design and analyze quantum-resistant encryption schemes.
Explore quantum key distribution and post-quantum cryptography.
Contribute to the development of quantum-secure cryptographic solutions.",Advanced,3.0,High
Computer Systems Architecture,"This intermediate-level course focuses on computer systems architecture. Learn about CPU design, memory systems, and computer organization.","Understand computer systems architecture and its components.
Learn about CPU design, instruction set architecture, and microarchitecture.
Explore memory systems, storage technologies, and input/output systems.
Design and optimize computer systems for specific applications.",Intermediate,3.3,Medium
Blockchain Technology,"This intermediate-level course covers blockchain technology. Learn about blockchain architecture, cryptocurrencies, and smart contracts.","Understand the fundamentals of blockchain technology.
Explore blockchain architecture and distributed ledger concepts.
Learn about cryptocurrencies and digital wallets.
Develop and deploy smart contracts on blockchain platforms.",Intermediate,2.3,Low
Basics of Internet of Things ,"This beginner-level course covers the basics of the Internet of Things (IoT). Learn about IoT devices, connectivity, and IoT applications.","Understand the concept and significance of the Internet of Things (IoT).
Learn about IoT devices, sensors, and connectivity technologies.
Explore real-world IoT applications across various industries.
Get hands-on experience with IoT projects and experiments.",Beginner,3.3,Very High
Artificial Intelligence and Ethics,"This intermediate-level course explores the ethical aspects of artificial intelligence (AI). Learn about AI ethics, bias, and responsible AI development.","Understand the ethical considerations in AI development and deployment.
Explore AI bias and fairness issues in machine learning models.
Learn about responsible AI practices and ethical AI design.
Discuss real-world AI ethics case studies and challenges.",Intermediate,3.4,Low
Data Structures and Algorithms,"This intermediate-level course dives deeper into data structures and algorithms. Explore advanced data structures like trees and graphs, and learn about algorithm analysis and design techniques.","Explore advanced data structures like trees, graphs, and heaps.
Learn advanced algorithms for sorting, searching, and optimization.
Understand algorithm analysis and time complexity.
Apply data structures and algorithms to solve complex computational problems.",Intermediate,3.3,Low
Software Engineering Principles,"This intermediate-level course explores software engineering principles and methodologies. Learn about software development life cycles, project management, and quality assurance.","Understand software development methodologies like Agile and Waterfall.
Learn about software project management and planning.
Implement quality assurance and testing practices.
Collaborate effectively in software development teams.",Intermediate,3.1,Very High
Introduction to Cloud Computing with AWS,This beginner-level course provides an introduction to cloud computing with Amazon Web Services (AWS). Learn about cloud services and deployment.,"Understand the basics of cloud computing and its advantages.
Learn about cloud service models and AWS offerings.
Explore AWS cloud services and deploy simple applications.
Get hands-on experience with cloud computing using AWS.",Beginner,3.8,Low
Web Development for Beginners,"This course introduces the basics of web development. You will learn about HTML, CSS, and how to create simple web pages. No prior coding experience is required.","Understand the structure and purpose of HTML for creating web content.
Learn how to style web pages using CSS for design.
Create simple web pages and understand the basics of web development.
Explore the role of web browsers and web servers in delivering web content.",Beginner,3.0,Medium
Advanced Data Structures and Algorithms,"This advanced-level course delves deep into data structures and algorithms. Explore advanced data structures like AVL trees, advanced sorting algorithms, and dynamic programming.","Master advanced data structures like AVL trees and B-trees.
Explore advanced sorting algorithms like merge sort and quicksort.
Understand dynamic programming for solving complex problems.
Apply advanced algorithms in competitive programming and optimization tasks.",Advanced,3.0,Low
Cloud Migration Strategies and Best Practices,This intermediate-level course covers cloud migration strategies and best practices. Learn to migrate applications and data to the cloud.,"Understand cloud migration fundamentals and challenges.
Learn cloud migration strategies and planning.
Explore best practices for cloud migration execution.
Successfully migrate applications and data to cloud platforms.",Intermediate,2.7,Low
AI for Natural Language Understanding,This advanced-level course explores AI for natural language understanding. Learn to develop advanced NLP models and applications.,"Master advanced natural language processing (NLP) techniques.
Learn to build NLP models for complex language understanding tasks.
Explore advanced NLP applications in chatbots, language translation, and more.
Develop and deploy advanced NLP solutions.",Advanced,2.8,Very High
Advanced Cybersecurity Threat Analysis,This intermediate-level course delves into advanced cybersecurity threat analysis. Learn to detect and respond to cyber threats effectively.,"Master advanced cybersecurity threat analysis techniques.
Learn to identify and assess cyber threats and vulnerabilities.
Explore incident response and threat mitigation strategies.
Enhance your skills in protecting systems and data from cyberattacks.",Intermediate,3.1,High
Operating Systems Concepts,"This intermediate-level course explores operating systems concepts. Learn about process management, memory allocation, file systems, and OS security.","Understand process management and multitasking in operating systems.
Learn about memory management and virtual memory concepts.
Explore file systems and storage management in OS.
Understand OS security principles and vulnerabilities.",Intermediate,3.1,High
Ethical Hacking for Penetration Testers,This intermediate-level course covers ethical hacking for penetration testers. Learn to assess and strengthen cybersecurity defenses.,"Master ethical hacking techniques and methodologies.
Learn to conduct penetration tests and vulnerability assessments.
Explore advanced hacking tools and exploitation techniques.
Enhance cybersecurity through ethical hacking expertise.",Intermediate,2.7,Very High
Advanced Cryptography,"This advanced-level course covers advanced cryptography. Learn about cryptographic protocols, cryptographic algorithms, and encryption standards.","Explore cryptographic protocols like SSL/TLS and IPsec.
Learn about advanced encryption algorithms like AES and RSA.
Understand cryptographic key management and secure communication.
Implement advanced cryptographic techniques in secure systems.",Advanced,3.2,Medium
Introduction to Software Testing,"This beginner-level course introduces software testing concepts. Learn about manual testing, test cases, and quality assurance in software development.","Understand the importance of software testing in the development process.
Create and execute manual test cases for software applications.
Learn about quality assurance practices and bug tracking.
Explore different types of testing, including functional and regression testing.",Beginner,2.8,Medium
Human-Robot Interaction,"This advanced-level course covers human-robot interaction (HRI). Learn about robot behavior, natural language processing, and user-centered design for robots.","Understand principles of human-robot interaction and robot behavior.
Learn about natural language processing (NLP) for robot communication.
Design user-centered robot interfaces and interactions.
Explore real-world applications of human-robot interaction.",Advanced,2.8,Medium
AI in Healthcare and Medical Diagnosis,This advanced-level course explores AI in healthcare and medical diagnosis. Learn to develop AI solutions for medical applications.,"Master AI techniques for healthcare and medical image analysis.
Learn to build AI systems for disease diagnosis and patient care.
Explore medical imaging, clinical data analysis, and healthcare AI ethics.
Contribute to advancements in AI-driven healthcare solutions.",Advanced,3.2,Low
Blockchain for Supply Chain Management,This advanced-level course covers blockchain for supply chain management. Learn to apply blockchain technology to improve supply chain processes.,"Master blockchain technology and its applications in supply chain management.
Learn to design and implement blockchain-based supply chain solutions.
Explore transparency, traceability, and security in supply chain blockchain.
Contribute to the adoption of blockchain in supply chain optimization.",Advanced,4.3,Low
Advanced Machine Learning Algorithms,"This intermediate-level course covers advanced machine learning algorithms. Learn about deep learning, reinforcement learning, and neural network architectures.","Explore advanced machine learning techniques, including deep learning.
Master neural network architectures like convolutional and recurrent networks.
Understand reinforcement learning and its applications.
Implement advanced machine learning algorithms in projects.",Intermediate,2.7,Low
AI in Robotics and Automation,This intermediate-level course focuses on AI in robotics and automation. Learn to develop AI systems for autonomous robots and automation.,"Understand AI technologies for robotics and automation.
Learn to build AI systems for autonomous robots and industrial automation.
Explore perception, decision-making, and control in AI-driven robotics.
Contribute to the advancement of AI-driven automation solutions.",Intermediate,3.2,Very High
Cloud Architecture and Deployment,"This intermediate-level course covers cloud architecture and deployment. Learn about cloud service models, scaling, and cloud-based application development.","Explore cloud service models like Platform as a Service (PaaS) and Function as a Service (FaaS).
Design scalable cloud architectures for high availability.
Develop cloud-native applications and deploy them in cloud environments.
Implement cloud security and compliance measures.",Intermediate,2.6,Medium
Programming Fundamentals,"This course is designed for beginners and covers the fundamental concepts of programming. You will learn about variables, data types, control structures, and how to write basic programs in a programming language.","Understand the basics of programming languages and their syntax.
Learn about variables and data types used in programming.
Explore control structures like loops and conditionals.
Write simple programs to solve basic problems.",Beginner,3.3,Low
Cloud Security and Compliance,This advanced-level course covers cloud security and compliance. Learn about securing cloud environments and complying with regulations.,"Implement advanced cloud security measures and best practices.
Ensure compliance with industry regulations and standards.
Perform cloud security audits and assessments.
Manage security incidents and breaches in cloud environments.",Advanced,3.3,Low
Advanced Artificial Intelligence Applications,"This advanced-level course explores advanced applications of artificial intelligence (AI). Learn about AI in healthcare, finance, and autonomous systems.","Explore advanced AI applications in healthcare, finance, and autonomous systems.
Understand AI ethics and regulations in specialized domains.
Learn about AI research and development in cutting-edge fields.
Develop AI solutions for real-world applications.",Advanced,3.1,Very High
Artificial Intelligence and Machine Learning,"This advanced-level course covers artificial intelligence and machine learning in-depth. Learn about reinforcement learning, neural network architectures, and AI ethics.","Explore advanced machine learning techniques, including reinforcement learning.
Master neural network architectures like convolutional and recurrent networks.
Understand natural language processing (NLP) and computer vision.
Discuss AI ethics and responsible AI development.",Advanced,2.3,Low
Introduction to Digital Marketing,This beginner-level course introduces the basics of digital marketing. Learn to promote products and services online through various channels.,"Understand the fundamentals of digital marketing and its importance.
Learn about online marketing channels, including social media and email marketing.
Explore digital advertising and content marketing strategies.
Create a digital marketing plan for promoting businesses or products.",Beginner,2.2,Low
Mobile App Security,"This intermediate-level course covers mobile app security. Learn about securing mobile apps, data encryption, and best practices for app security.","Understand mobile app security threats and vulnerabilities.
Learn about data encryption and secure communication in mobile apps.
Implement best practices for mobile app security and user privacy.
Conduct security testing and vulnerability assessment for mobile apps.",Intermediate,3.6,Low
Introduction to Virtualization,"This beginner-level course provides an introduction to virtualization technology. Learn about virtual machines, hypervisors, and use cases.","Understand the fundamentals of virtualization and its benefits.
Learn about virtual machines (VMs) and their deployment.
Explore different virtualization platforms and hypervisors.
Implement virtualization for various use cases.",Beginner,2.0,Low
Advanced Database Management and Administration,This intermediate-level course covers advanced database management and administration. Learn to design and maintain robust databases.,"Master advanced database design and optimization techniques.
Learn to administer and secure databases for performance and reliability.
Explore database scalability, replication, and clustering.
Design and manage complex database systems for diverse applications.",Intermediate,1.8,Low
Artificial General Intelligence  Development,"This advanced-level course focuses on artificial general intelligence (AGI) development. Learn about AGI principles, cognitive architectures, and AGI research.","Master AGI principles and theories for advanced intelligence systems.
Learn about cognitive architectures and AGI development frameworks.
Explore AGI research areas and emerging trends in artificial intelligence.
Contribute to the development of artificial general intelligence.",Advanced,2.5,Low
Quantum Computing Algorithms and Quantum Machine Learning,This advanced-level course delves into quantum computing algorithms and quantum machine learning. Explore the future of quantum computing.,"Master advanced quantum computing concepts and principles.
Learn about quantum algorithms and quantum hardware architectures.
Explore quantum software development and optimization.
Contribute to advancements in quantum computing research and applications.",Advanced,2.2,Low
Introduction to Augmented Reality  Apps,This beginner-level course introduces augmented reality (AR) apps. Learn how AR technology works and create your own AR experiences.,"Understand the concept of augmented reality (AR).
Learn to develop simple AR apps and experiences.
Explore AR development tools and platforms.
Immerse yourself in the world of augmented reality app creation.",Beginner,2.4,Low
